funcID,name,firstRun,invokeTime,serverStart,serverEnd,serverDifference
1,testfuncforApp,1,1711653290001,1711653290001,1711653290638,637
1,testfuncforApp,,1711653300004,1711653300004,1711653300194,190
6,other,,1711653300015,1711653300015,1711653300231,216
1,testfuncforApp,,1711653310003,1711653310003,1711653310130,127
1,testfuncforApp,,1711653320004,1711653320004,1711653320091,87
1,testfuncforApp,,1711653330005,1711653330005,1711653330075,70
1,testfuncforApp,,1711653340004,1711653340004,1711653340064,60
1,testfuncforApp,,1711653350002,1711653350002,1711653350064,62
6,other,,1711653360014,1711653360014,1711653360080,66
1,testfuncforApp,1,1711653360004,1711653360004,1711653360172,168
1,testfuncforApp,,1711653370002,1711653370002,1711653370266,264
1,testfuncforApp,1,1711659640005,1711659640005,1711659640439,434
1,testfuncforApp1,1,1712000520045,1712000520045,1712000520756,711
1,testfuncforApp1,,1712000530002,1712000530002,1712000530102,100
1,testfuncforApp1,,1712000570003,1712000570003,1712000570213,210
1,testfuncforApp1,,1712000580004,1712000580004,1712000580077,73
4,testfuncforApp5,,1712000580013,1712000580013,1712000580085,72
1,testfuncforApp1,,1712000590003,1712000590003,1712000590074,71
1,testfuncforApp1,,1712000600004,1712000600004,1712000600088,84
3,testfuncforApp3,1,1712083330004,1712083330004,1712083330567,563
3,testfuncforApp3,,1712083340003,1712083340004,1712083340175,171
3,testfuncforApp3,,1712083350004,1712083350004,1712083350113,109
3,testfuncforApp3,,1712083360003,1712083360003,1712083360066,63
3,testfuncforApp3,,1712083410002,1712083410002,1712083410193,191
3,testfuncforApp3,,1712083420003,1712083420003,1712083420096,93
3,testfuncforApp3,,1712083530005,1712083530005,1712083530296,291
3,testfuncforApp3,,1712083540005,1712083540005,1712083540096,91
3,testfuncforApp3,,1712083550002,1712083550002,1712083550071,69
1,testfuncforApp1,1,1712093710004,1712093710005,1712093710636,631
1,testfuncforApp1,,1712093720004,1712093720004,1712093720480,476
1,testfuncforApp1,,1712093730003,1712093730003,1712093730136,133
1,testfuncforApp1,,1712093740004,1712093740004,1712093740117,113
1,testfuncforApp1,,1712093750001,1712093750001,1712093750099,98
1,testfuncforApp1,,1712093760001,1712093760001,1712093760077,76
4,testfuncforApp5,,1712093760007,1712093760007,1712093760087,80
1,testfuncforApp1,1,1712165470002,1712165470002,1712165470394,392
1,testfuncforApp1,,1712165490006,1712165490006,1712165490209,203
1,testfuncforApp1,1,1712166860004,1712166860004,1712166860488,484
1,testfuncforApp1,,1712166870003,1712166870003,1712166870162,159
1,testfuncforApp1,,1712166880003,1712166880003,1712166880203,200
1,testfuncforApp1,,1712166890004,1712166890004,1712166890079,75
4,testfuncforApp5,,1712166900006,1712166900006,1712166900067,61
1,testfuncforApp1,,1712166900002,1712166900002,1712166900077,75
1,testfuncforApp1,,1712166950073,1712166950073,1712166950155,82
1,testfuncforApp1,1,1712166950006,1712166950007,1712166950257,250
1,testfuncforApp1,,1712166960005,1712166960005,1712166960078,73
4,testfuncforApp5,,1712166960017,1712166960017,1712166960079,62
4,testfuncforApp5,,1712166960022,1712166960022,1712166960099,77
1,testfuncforApp1,,1712166960011,1712166960011,1712166960102,91
1,testfuncforApp1,,1712167140075,1712167140075,1712167140183,108
4,testfuncforApp5,,1712167140013,1712167140014,1712167140238,224
1,testfuncforApp1,,1712167150003,1712167150003,1712167150103,100
1,testfuncforApp1,,1712167160004,1712167160004,1712167160074,70
1,testfuncforApp1,,1712167650001,1712167650002,1712167650133,131
1,testfuncforApp1,,1712167660003,1712167660003,1712167660075,72
1,testfuncforApp1,,1712167670002,1712167670002,1712167670075,73
1,testfuncforApp1,,1712167680002,1712167680002,1712167680062,60
4,testfuncforApp5,,1712167680007,1712167680007,1712167680068,61
1,testfuncforApp1,,1712167690002,1712167690002,1712167690067,65
1,testfuncforApp1,,1712167700003,1712167700003,1712167700069,66
1,testfuncforApp1,,1712167710004,1712167710004,1712167710076,72
1,testfuncforApp1,,1712167720005,1712167720005,1712167720078,73
1,testfuncforApp1,,1712167730002,1712167730002,1712167730092,90
4,testfuncforApp5,,1712167740015,1712167740015,1712167740082,67
1,testfuncforApp1,1,1712167740003,1712167740003,1712167740179,176
1,testfuncforApp1,,1712167750004,1712167750004,1712167750079,75
1,testfuncforApp1,,1712167760003,1712167760003,1712167760077,74
1,testfuncforApp1,1,1712169360076,1712169360076,1712169360531,455
4,testfuncforApp5,1,1712169360013,1712169360013,1712169360541,528
1,testfuncforApp1,,1712169370003,1712169370003,1712169370217,214
1,testfuncforApp1,,1712169380003,1712169380003,1712169380156,153
1,testfuncforApp1,,1712169390003,1712169390003,1712169390100,97
1,testfuncforApp1,,1712169400004,1712169400004,1712169400074,70
1,testfuncforApp1,,1712169410004,1712169410004,1712169410075,71
1,testfuncforApp1,,1712169420024,1712169420024,1712169420085,61
4,testfuncforApp5,,1712169420009,1712169420009,1712169420097,88
4,testfuncforApp5,,1712169420030,1712169420030,1712169420113,83
1,testfuncforApp1,,1712169420036,1712169420036,1712169420135,99
1,testfuncforApp1,,1712169420018,1712169420018,1712169420140,122
4,testfuncforApp5,1,1712169420040,1712169420040,1712169420421,381
1,testfuncforApp1,,1712169490008,1712169490008,1712169490331,323
1,testfuncforApp1,,1712169500004,1712169500004,1712169500080,76
1,testfuncforApp1,,1712169510004,1712169510004,1712169510073,69
1,testfuncforApp1,,1712169520005,1712169520005,1712169520063,58
1,testfuncforApp1,,1712169530005,1712169530005,1712169530081,76
1,testfuncforApp1,,1712169540001,1712169540001,1712169540062,61
4,testfuncforApp5,,1712169540005,1712169540005,1712169540098,93
1,testfuncforApp1,,1712169550012,1712169550012,1712169550071,59
4,testfuncforApp5,,1712169550003,1712169550003,1712169550076,73
4,testfuncforApp5,,1712169560010,1712169560010,1712169560074,64
1,testfuncforApp1,,1712169560002,1712169560002,1712169560079,77
4,testfuncforApp5,,1712169570003,1712169570003,1712169570086,83
1,testfuncforApp1,,1712169570011,1712169570011,1712169570095,84
4,testfuncforApp5,,1712169580003,1712169580003,1712169580074,71
1,testfuncforApp1,,1712169580017,1712169580017,1712169580080,63
1,testfuncforApp1,,1712169580021,1712169580021,1712169580082,61
4,testfuncforApp5,,1712169580012,1712169580012,1712169580083,71
4,testfuncforApp5,1,1712169580026,1712169580026,1712169580169,143
4,testfuncforApp5,,1712169590002,1712169590002,1712169590076,74
4,testfuncforApp5,,1712169590016,1712169590016,1712169590079,63
1,testfuncforApp1,,1712169590020,1712169590020,1712169590081,61
4,testfuncforApp5,,1712169590027,1712169590027,1712169590089,62
1,testfuncforApp1,,1712169590023,1712169590023,1712169590098,75
4,testfuncforApp5,,1712169590030,1712169590030,1712169590101,71
1,testfuncforApp1,,1712169590011,1712169590011,1712169590107,96
4,testfuncforApp5,,1712169600010,1712169600010,1712169600076,66
1,testfuncforApp1,,1712169600014,1712169600014,1712169600083,69
4,testfuncforApp5,,1712169600025,1712169600025,1712169600087,62
4,testfuncforApp5,,1712169600032,1712169600032,1712169600096,64
1,testfuncforApp1,,1712169600019,1712169600019,1712169600141,122
4,testfuncforApp5,,1712169600004,1712169600004,1712169600147,143
1,testfuncforApp1,1,1712169600028,1712169600028,1712169600191,163
1,testfuncforApp1,,1712169610023,1712169610023,1712169610083,60
4,testfuncforApp5,,1712169610019,1712169610019,1712169610086,67
4,testfuncforApp5,,1712169610002,1712169610002,1712169610087,85
1,testfuncforApp1,,1712169610027,1712169610027,1712169610089,62
4,testfuncforApp5,,1712169610034,1712169610034,1712169610098,64
4,testfuncforApp5,,1712169610008,1712169610008,1712169610101,93
4,testfuncforApp5,,1712169610031,1712169610031,1712169610112,81
1,testfuncforApp1,1,1712169610014,1712169610014,1712169610182,168
4,testfuncforApp5,,1712169620010,1712169620010,1712169620080,70
4,testfuncforApp5,,1712169620023,1712169620023,1712169620083,60
1,testfuncforApp1,,1712169620027,1712169620027,1712169620087,60
1,testfuncforApp1,,1712169620019,1712169620019,1712169620089,70
4,testfuncforApp5,,1712169620032,1712169620032,1712169620092,60
4,testfuncforApp5,,1712169620003,1712169620003,1712169620143,140
1,testfuncforApp1,,1712169620015,1712169620015,1712169620146,131
4,testfuncforApp5,1,1712169620029,1712169620029,1712169620150,121
4,testfuncforApp5,,1712169660009,1712169660009,1712169660330,321
4,testfuncforApp5,,1712169910003,1712169910003,1712169910230,227
4,testfuncforApp5,,1712170070002,1712170070002,1712170070175,173
4,testfuncforApp5,,1712170080002,1712170080002,1712170080072,70
4,testfuncforApp5,,1712170090003,1712170090003,1712170090093,90
1,testfuncforApp1,,1712170090013,1712170090013,1712170090096,83
4,testfuncforApp5,,1712170130005,1712170130005,1712170130153,148
1,testfuncforApp1,,1712170130078,1712170130078,1712170130160,82
4,testfuncforApp5,,1712170140004,1712170140004,1712170140081,77
4,testfuncforApp5,,1712170210077,1712170210077,1712170210233,156
1,testfuncforApp1,,1712170210074,1712170210074,1712170210237,163
1,testfuncforApp1,,1712170210078,1712170210078,1712170210238,160
4,testfuncforApp5,,1712170210004,1712170210004,1712170210239,235
1,testfuncforApp1,1,1712170990002,1712170990002,1712170990420,418
1,testfuncforApp1,,1712171000003,1712171000003,1712171000220,217
4,testfuncforApp5,,1712171010005,1712171010005,1712171010089,84
1,testfuncforApp1,,1712171010022,1712171010022,1712171010102,80
4,testfuncforApp5,,1712171020014,1712171020014,1712171020087,73
1,testfuncforApp1,,1712171020003,1712171020003,1712171020092,89
1,testfuncforApp1,,1712171030003,1712171030003,1712171030106,103
1,testfuncforApp1,,1712171030016,1712171030016,1712171030114,98
4,testfuncforApp5,1,1712171030012,1712171030012,1712171030197,185
1,testfuncforApp1,,1712171040006,1712171040006,1712171040110,104
4,testfuncforApp5,,1712171040032,1712171040032,1712171040138,106
4,testfuncforApp5,,1712171040024,1712171040024,1712171040139,115
1,testfuncforApp1,,1712171040027,1712171040027,1712171040157,130
1,testfuncforApp1,,1712171050001,1712171050001,1712171050059,58
4,testfuncforApp5,,1712171050007,1712171050007,1712171050065,58
1,testfuncforApp1,1,1712171050009,1712171050009,1712171050159,150
4,testfuncforApp5,,1712171060021,1712171060021,1712171060108,87
1,testfuncforApp1,,1712171060005,1712171060005,1712171060115,110
1,testfuncforApp1,,1712171060025,1712171060025,1712171060116,91
1,testfuncforApp1,,1712171070006,1712171070006,1712171070088,82
1,testfuncforApp1,,1712171070012,1712171070012,1712171070091,79
1,testfuncforApp1,,1712171070008,1712171070008,1712171070094,86
4,testfuncforApp5,,1712171070010,1712171070010,1712171070096,86
4,testfuncforApp5,,1712171070001,1712171070001,1712171070097,96
1,testfuncforApp1,1,1712171700034,1712171700034,1712171700441,407
4,testfuncforApp5,1,1712171700002,1712171700002,1712171700452,450
4,testfuncforApp5,,1712171710003,1712171710003,1712171710148,145
4,testfuncforApp5,,1712171720002,1712171720002,1712171720131,129
4,testfuncforApp5,,1712171730004,1712171730004,1712171730087,83
4,testfuncforApp5,,1712171740002,1712171740002,1712171740090,88
4,testfuncforApp5,,1712171750004,1712171750004,1712171750088,84
1,testfuncforApp1,,1712171760027,1712171760027,1712171760101,74
4,testfuncforApp5,,1712171760005,1712171760005,1712171760221,216
4,testfuncforApp5,,1712171770003,1712171770003,1712171770151,148
4,testfuncforApp5,,1712171780003,1712171780003,1712171780151,148
4,testfuncforApp5,,1712171790003,1712171790003,1712171790174,171
4,testfuncforApp5,,1712171800003,1712171800003,1712171800181,178
4,testfuncforApp5,,1712171810004,1712171810004,1712171810181,177
4,testfuncforApp5,,1712171820004,1712171820004,1712171820095,91
1,testfuncforApp1,,1712171820027,1712171820027,1712171820106,79
4,testfuncforApp5,,1712171830003,1712171830003,1712171830206,203
4,testfuncforApp5,,1712171830129,1712171830129,1712171830246,117
4,testfuncforApp5,,1712171840011,1712171840011,1712171840086,75
4,testfuncforApp5,,1712171840002,1712171840002,1712171840090,88
4,testfuncforApp5,,1712171850008,1712171850008,1712171850075,67
4,testfuncforApp5,,1712171850001,1712171850001,1712171850078,77
4,testfuncforApp5,,1712172080008,1712172080009,1712172080291,282
4,testfuncforApp5,,1712172090003,1712172090003,1712172090084,81
4,testfuncforApp5,,1712172110003,1712172110003,1712172110089,86
4,testfuncforApp5,,1712172120001,1712172120001,1712172120091,90
4,testfuncforApp5,,1712172130002,1712172130002,1712172130060,58
4,testfuncforApp5,,1712172140021,1712172140021,1712172140090,69
4,testfuncforApp5,,1712172140005,1712172140005,1712172140096,91
4,testfuncforApp5,,1712172150002,1712172150002,1712172150067,65
4,testfuncforApp5,,1712172150010,1712172150010,1712172150071,61
4,testfuncforApp5,,1712172150013,1712172150013,1712172150083,70
4,testfuncforApp5,,1712172160009,1712172160009,1712172160084,75
4,testfuncforApp5,,1712172160001,1712172160001,1712172160086,85
4,testfuncforApp5,1,1712172160011,1712172160011,1712172160181,170
4,testfuncforApp5,,1712172390004,1712172390004,1712172390225,221
4,testfuncforApp5,,1712172400004,1712172400004,1712172400081,77
4,testfuncforApp5,,1712172410005,1712172410005,1712172410103,98
1,testfuncforApp1,,1712172420021,1712172420021,1712172420092,71
4,testfuncforApp5,,1712172420004,1712172420004,1712172420104,100
4,testfuncforApp5,,1712172430001,1712172430001,1712172430072,71
4,testfuncforApp5,,1712172440004,1712172440004,1712172440115,111
1,testfuncforApp1,,1712172450008,1712172450008,1712172450272,264
4,testfuncforApp5,,1712172450003,1712172450003,1712172450290,287
1,testfuncforApp1,,1712172460002,1712172460002,1712172460066,64
4,testfuncforApp5,,1712172460012,1712172460012,1712172460074,62
4,testfuncforApp5,,1712172470001,1712172470001,1712172470076,75
4,testfuncforApp5,,1712172480003,1712172480003,1712172480075,72
1,testfuncforApp1,,1712172480015,1712172480015,1712172480078,63
4,testfuncforApp5,,1712172490001,1712172490001,1712172490096,95
4,testfuncforApp5,,1712172500006,1712172500006,1712172500905,899
4,testfuncforApp5,,1712172510004,1712172510004,1712172510102,98
4,testfuncforApp5,,1712172620002,1712172620002,1712172620115,113
4,testfuncforApp5,,1712172630004,1712172630004,1712172630088,84
4,testfuncforApp5,,1712172640001,1712172640001,1712172640066,65
4,testfuncforApp5,,1712172650005,1712172650005,1712172650106,101
4,testfuncforApp5,,1712172660005,1712172660005,1712172660106,101
1,testfuncforApp1,,1712172660025,1712172660025,1712172660114,89
4,testfuncforApp5,,1712172670000,1712172670000,1712172670064,64
4,testfuncforApp5,,1712172680001,1712172680001,1712172680058,57
4,testfuncforApp5,,1712172700002,1712172700002,1712172700141,139
4,testfuncforApp5,,1712172710001,1712172710001,1712172710693,692
4,testfuncforApp5,,1712172850008,1712172850008,1712172850218,210
4,testfuncforApp5,,1712172860000,1712172860000,1712172860077,77
4,testfuncforApp5,,1712172870004,1712172870004,1712172870094,90
1,testfuncforApp1,,1712172870018,1712172870018,1712172870102,84
4,testfuncforApp5,,1712172880003,1712172880003,1712172880081,78
4,testfuncforApp5,,1712172960011,1712172960012,1712172960260,248
4,testfuncforApp5,,1712172970000,1712172970000,1712172970055,55
4,testfuncforApp5,,1712172980006,1712172980006,1712172980087,81
4,testfuncforApp5,,1712172990002,1712172990002,1712172990071,69
4,testfuncforApp5,,1712173100002,1712173100002,1712173100128,126
4,testfuncforApp5,,1712173110005,1712173110005,1712173110103,98
1,testfuncforApp1,,1712173110026,1712173110026,1712173110119,93
4,testfuncforApp5,,1712173140002,1712173140002,1712173140073,71
4,testfuncforApp5,,1712173150004,1712173150004,1712173150134,130
4,testfuncforApp5,,1712173160003,1712173160003,1712173160087,84
1,testfuncforApp1,,1712173160009,1712173160009,1712173160106,97
4,testfuncforApp5,1,1712176500002,1712176500002,1712176500547,545
4,testfuncforApp5,,1712176510005,1712176510005,1712176510222,217
4,testfuncforApp5,,1712176520003,1712176520003,1712176520137,134
4,testfuncforApp5,,1712176530001,1712176530001,1712176530077,76
1,testfuncforApp1,,1712176530006,1712176530006,1712176530088,82
4,testfuncforApp5,,1712176540005,1712176540005,1712176540101,96
4,testfuncforApp5,,1712176550002,1712176550002,1712176550073,71
4,testfuncforApp5,,1712176560004,1712176560004,1712176560074,70
4,testfuncforApp5,,1712177840002,1712177840002,1712177840495,493
4,testfuncforApp5,,1712177850003,1712177850003,1712177850149,146
4,testfuncforApp5,,1712177860002,1712177860002,1712177860084,82
1,testfuncforApp1,,1712177870023,1712177870023,1712177870100,77
4,testfuncforApp5,,1712177870005,1712177870005,1712177870118,113
1,testfuncforApp1,,1712177880028,1712177880028,1712177880289,261
4,testfuncforApp5,,1712177880006,1712177880006,1712177880295,289
4,testfuncforApp5,,1712177890002,1712177890002,1712177890389,387
4,testfuncforApp5,,1712177900003,1712177900003,1712177900098,95
4,testfuncforApp5,,1712184890003,1712184890004,1712184890475,471
4,testfuncforApp5,,1712184900001,1712184900001,1712184900080,79
4,testfuncforApp5,,1712184910001,1712184910001,1712184910089,88
4,testfuncforApp5,,1712184920004,1712184920004,1712184920086,82
4,testfuncforApp5,,1712184930003,1712184930003,1712184930097,94
4,testfuncforApp5,,1712184940002,1712184940002,1712184940142,140
4,testfuncforApp5,,1712184950004,1712184950004,1712184950126,122
4,testfuncforApp5,,1712184960003,1712184960003,1712184960089,86
1,testfuncforApp1,,1712184960021,1712184960021,1712184960107,86
1,testfuncforApp1,,1712184970009,1712184970009,1712184970104,95
4,testfuncforApp5,,1712184970002,1712184970002,1712184970207,205
1,testfuncforApp1,,1712184980000,1712184980000,1712184980070,70
4,testfuncforApp5,,1712184980006,1712184980006,1712184980099,93
4,testfuncforApp5,,1712184990001,1712184990001,1712184990100,99
4,testfuncforApp5,,1712185000002,1712185000002,1712185000136,134
4,testfuncforApp5,,1712185010003,1712185010003,1712185010063,60
1,testfuncforApp1,,1712185020012,1712185020012,1712185020078,66
4,testfuncforApp5,,1712185020002,1712185020002,1712185020083,81
4,testfuncforApp5,,1712185030002,1712185030003,1712185030075,72
4,testfuncforApp5,,1712185040002,1712185040002,1712185040086,84
4,testfuncforApp5,,1712185050003,1712185050003,1712185050158,155
4,testfuncforApp5,,1712185060002,1712185060002,1712185060130,128
4,testfuncforApp5,,1712185070002,1712185070002,1712185070063,61
4,testfuncforApp5,,1712185080002,1712185080002,1712185080076,74
1,testfuncforApp1,,1712185080013,1712185080013,1712185080146,133
4,testfuncforApp5,,1712185130039,1712185130039,1712185130251,212
10,TestFunc20,false,1712185130001,1712185130001,1712185130884,883
1,testfuncforApp1,,1712185140008,1712185140008,1712185140076,68
4,testfuncforApp5,,1712185140002,1712185140002,1712185140183,181
10,TestFunc20,false,1712185140005,1712185140005,1712185140691,686
4,testfuncforApp5,,1712185150016,1712185150016,1712185150087,71
10,TestFunc20,false,1712185150003,1712185150003,1712185150671,668
4,testfuncforApp5,,1712185160002,1712185160002,1712185160073,71
10,TestFunc20,false,1712185160005,1712185160005,1712185160695,690
4,testfuncforApp5,,1712185170006,1712185170006,1712185170067,61
10,TestFunc20,false,1712185170002,1712185170002,1712185170643,641
4,testfuncforApp5,,1712185180008,1712185180008,1712185180078,70
10,TestFunc20,false,1712185180003,1712185180003,1712185180636,633
4,testfuncforApp5,,1712185190002,1712185190002,1712185190074,72
10,TestFunc20,false,1712185190009,1712185190009,1712185190652,643
1,testfuncforApp1,,1712185200023,1712185200023,1712185200086,63
4,testfuncforApp5,,1712185200008,1712185200008,1712185200089,81
10,TestFunc20,false,1712185200002,1712185200002,1712185200651,649
4,testfuncforApp5,,1712185210002,1712185210002,1712185210073,71
10,TestFunc20,false,1712185210004,1712185210004,1712185210739,735
4,testfuncforApp5,,1712185310067,1712185310067,1712185310165,98
10,TestFunc20,false,1712185310002,1712185310003,1712185310868,865
4,testfuncforApp5,,1712185320004,1712185320004,1712185320090,86
1,testfuncforApp1,,1712185320028,1712185320028,1712185320094,66
10,TestFunc20,false,1712185320011,1712185320011,1712185320670,659
11,TestFunc21,false,1712185320022,1712185320022,1712185320778,756
4,testfuncforApp5,,1712185330005,1712185330005,1712185330068,63
10,TestFunc20,false,1712185330001,1712185330001,1712185330654,653
4,testfuncforApp5,,1712185370052,1712185370052,1712185370135,83
10,TestFunc20,false,1712185370002,1712185370002,1712185370691,689
1,testfuncforApp1,,1712185380020,1712185380020,1712185380087,67
4,testfuncforApp5,,1712185380004,1712185380004,1712185380091,87
10,TestFunc20,false,1712185380011,1712185380011,1712185380665,654
4,testfuncforApp5,,1712185390003,1712185390003,1712185390081,78
10,TestFunc20,false,1712185390001,1712185390001,1712185390659,658
4,testfuncforApp5,,1712185400007,1712185400007,1712185400073,66
10,TestFunc20,false,1712185400003,1712185400003,1712185400666,663
4,testfuncforApp5,,1712185410001,1712185410001,1712185410072,71
10,TestFunc20,false,1712185410003,1712185410003,1712185410656,653
4,testfuncforApp5,,1712185420006,1712185420006,1712185420070,64
10,TestFunc20,false,1712185420002,1712185420002,1712185420670,668
4,testfuncforApp5,,1712185430006,1712185430006,1712185430064,58
10,TestFunc20,false,1712185430002,1712185430002,1712185430663,661
4,testfuncforApp5,,1712185440003,1712185440003,1712185440071,68
1,testfuncforApp1,,1712185440020,1712185440020,1712185440090,70
10,TestFunc20,false,1712185440008,1712185440008,1712185440670,662
4,testfuncforApp5,,1712185770037,1712185770037,1712185770132,95
10,TestFunc20,false,1712185770002,1712185770002,1712185770703,701
4,testfuncforApp5,,1712185780000,1712185780000,1712185780077,77
10,TestFunc20,false,1712185780003,1712185780003,1712185781121,1118
4,testfuncforApp5,,1712185790006,1712185790006,1712185790066,60
10,TestFunc20,false,1712185790001,1712185790001,1712185790682,681
1,testfuncforApp1,,1712185800032,1712185800032,1712185800101,69
4,testfuncforApp5,,1712185800028,1712185800028,1712185800105,77
10,TestFunc20,false,1712185800025,1712185800025,1712185800683,658
11,TestFunc21,true,1712185800003,1712185800003,1712185800929,926
4,testfuncforApp5,,1712185810001,1712185810001,1712185810065,64
10,TestFunc20,false,1712185810002,1712185810002,1712185810642,640
11,TestFunc21,false,1712185810003,1712185810003,1712185810717,714
4,testfuncforApp5,,1712185950073,1712185950073,1712185950159,86
10,TestFunc20,false,1712185950071,1712185950071,1712185950755,684
11,TestFunc21,false,1712185950002,1712185950003,1712185950777,774
4,testfuncforApp5,,1712185960007,1712185960007,1712185960062,55
10,TestFunc20,false,1712185960001,1712185960001,1712185960671,670
4,testfuncforApp5,,1712185970004,1712185970004,1712185970115,111
10,TestFunc20,false,1712185970021,1712185970021,1712185970686,665
4,testfuncforApp5,,1712185980010,1712185980010,1712185980084,74
1,testfuncforApp1,,1712185980021,1712185980021,1712185980091,70
10,TestFunc20,false,1712185980002,1712185980002,1712185980658,656
4,testfuncforApp5,,1712185990002,1712185990002,1712185990433,431
10,TestFunc20,false,1712185990009,1712185990009,1712185991020,1011
4,testfuncforApp5,,1712186000005,1712186000005,1712186000070,65
10,TestFunc20,false,1712186000001,1712186000001,1712186000636,635
4,testfuncforApp5,,1712186010003,1712186010003,1712186010075,72
10,TestFunc20,false,1712186010009,1712186010009,1712186010653,644
4,testfuncforApp5,,1712186020007,1712186020007,1712186020117,110
10,TestFunc20,false,1712186020002,1712186020002,1712186020743,741
4,testfuncforApp5,,1712186030011,1712186030011,1712186030201,190
10,TestFunc20,false,1712186030003,1712186030003,1712186030684,681
4,testfuncforApp5,,1712186040001,1712186040001,1712186040056,55
1,testfuncforApp1,,1712186040005,1712186040005,1712186040059,54
10,TestFunc20,false,1712186040002,1712186040002,1712186040649,647
11,TestFunc21,false,1712186040004,1712186040004,1712186040658,654
4,testfuncforApp5,,1712186050003,1712186050003,1712186050061,58
10,TestFunc20,false,1712186050001,1712186050001,1712186050645,644
4,testfuncforApp5,,1712186060001,1712186060001,1712186060070,69
10,TestFunc20,false,1712186060006,1712186060006,1712186060664,658
4,testfuncforApp5,,1712186070005,1712186070005,1712186070092,87
10,TestFunc20,false,1712186070001,1712186070001,1712186070706,705
4,testfuncforApp5,,1712186080001,1712186080001,1712186080071,70
10,TestFunc20,false,1712186080004,1712186080004,1712186080675,671
4,testfuncforApp5,,1712186090004,1712186090004,1712186090212,208
10,TestFunc20,false,1712186090001,1712186090001,1712186090655,654
4,testfuncforApp5,,1712186100003,1712186100003,1712186100090,87
1,testfuncforApp1,,1712186100018,1712186100018,1712186100097,79
10,TestFunc20,false,1712186100009,1712186100009,1712186100670,661
11,TestFunc21,false,1712186100024,1712186100024,1712186100688,664
4,testfuncforApp5,,1712186110008,1712186110008,1712186110094,86
10,TestFunc20,false,1712186110003,1712186110003,1712186110672,669
4,testfuncforApp5,,1712186120008,1712186120008,1712186120085,77
10,TestFunc20,false,1712186120002,1712186120003,1712186120696,693
4,testfuncforApp5,,1712186130007,1712186130007,1712186130105,98
10,TestFunc20,false,1712186130003,1712186130003,1712186130664,661
4,testfuncforApp5,,1712186140001,1712186140001,1712186140076,75
10,TestFunc20,false,1712186140007,1712186140007,1712186140651,644
4,testfuncforApp5,,1712186150009,1712186150009,1712186150069,60
10,TestFunc20,false,1712186150004,1712186150004,1712186150664,660
12,TestFunc22,,1712186160003,1712186160003,1712186160143,140
1,testfuncforApp1,,1712186160079,1712186160079,1712186160145,66
4,testfuncforApp5,,1712186160077,1712186160077,1712186160154,77
10,TestFunc20,false,1712186160075,1712186160075,1712186160724,649
11,TestFunc21,false,1712186160074,1712186160074,1712186160998,924
4,testfuncforApp5,,1712186170001,1712186170001,1712186170073,72
12,TestFunc22,,1712186170007,1712186170007,1712186170080,73
10,TestFunc20,false,1712186170006,1712186170006,1712186170668,662
